Id,Prediction
1,5
2,4
3,14
4,6
5,7
6,11
7,4
8,5
9,14
10,3
11,6
12,3
13,9
14,14
15,9
16,8
17,14
18,3
19,1
20,2
21,9
22,14
23,6
24,1
25,3
26,9
27,11
28,1
29,3
30,6
31,9
32,9
33,1
34,2
35,11
36,8
37,9
38,12
39,4
40,11
41,9
42,4
43,12
44,1
45,2
46,11
47,8
48,14
49,13
50,7
51,14
52,6
53,3
54,14
55,7
56,1
57,3
58,5
59,14
60,5
61,11
62,14
63,1
64,11
65,9
66,3
67,4
68,6
69,5
70,11
71,3
72,8
73,6
74,14
75,5
76,11
77,5
78,6
79,14
80,9
81,6
82,14
83,12
84,4
85,4
86,1
87,14
88,6
89,8
90,7
91,13
92,14
93,3
94,3
95,3
96,8
97,4
98,14
99,6
100,11
101,13
102,2
103,4
104,14
105,6
106,1
107,9
108,3
109,7
110,14
111,1
112,5
113,2
114,9
115,1
116,4
117,14
118,1
119,3
120,8
121,8
122,8
123,12
124,14
125,4
126,14
127,1
128,7
129,2
130,3
131,12
132,12
133,3
134,9
135,14
136,14
137,4
138,9
139,5
140,1
141,9
142,8
143,3
144,6
145,3
146,6
147,5
148,14
149,11
150,4
151,4
152,8
153,3
154,6
155,2
156,13
157,10
158,11
159,7
160,14
161,9
162,12
163,9
164,14
165,3
166,1
167,3
168,12
169,4
170,5
171,5
172,11
173,1
174,13
175,11
176,4
177,8
178,6
179,11
180,2
181,11
182,11
183,14
184,13
185,3
186,14
187,9
188,8
189,14
190,8
191,14
192,1
193,1
194,6
195,8
196,5
197,4
198,11
199,8
200,14
201,1
202,9
203,8
204,6
205,1
206,11
207,14
208,6
209,11
210,14
211,4
212,13
213,14
214,12
215,12
216,4
217,8
218,14
219,8
220,6
221,5
222,8
223,6
224,9
225,6
226,14
227,5
228,14
229,9
230,6
231,3
232,1
233,7
234,12
235,9
236,11
237,4
238,12
239,14
240,14
241,6
242,8
243,4
244,8
245,13
246,12
247,9
248,4
249,4
250,2
251,2
252,6
253,6
254,4
255,9
256,11
257,14
258,14
259,14
260,8
261,13
262,14
263,6
264,12
265,14
266,13
267,2
268,5
269,6
270,4
271,6
272,4
273,6
274,12
275,6
276,1
277,10
278,6
279,9
280,4
281,7
282,11
283,7
284,14
285,4
286,5
287,3
288,6
289,1
290,4
291,1
292,13
293,5
294,8
295,3
296,12
297,6
298,4
299,1
300,14
301,8
302,14
303,6
304,6
305,2
306,8
307,4
308,11
309,10
310,11
311,11
312,9
313,13
314,9
315,12
316,6
317,6
318,13
319,6
320,8
321,5
322,8
323,6
324,9
325,4
326,12
327,1
328,3
329,3
330,14
331,10
332,9
333,6
334,9
335,6
336,8
337,3
338,9
339,8
340,12
341,7
342,6
343,11
344,6
345,14
346,14
347,8
348,3
349,9
350,1
351,6
352,12
353,14
354,4
355,11
356,4
357,14
358,11
359,5
360,8
361,1
362,4
363,8
364,6
365,7
366,2
367,10
368,11
369,5
370,6
371,14
372,9
373,11
374,13
375,1
376,5
377,8
378,5
379,2
380,12
381,8
382,1
383,9
384,13
385,9
386,1
387,1
388,5
389,14
390,12
391,5
392,1
393,7
394,11
395,6
396,6
397,14
398,4
399,5
400,8
401,14
402,11
403,5
404,9
405,14
406,1
407,4
408,6
409,8
410,11
411,6
412,4
413,4
414,8
415,11
416,6
417,14
418,6
419,12
420,14
421,3
422,2
423,12
424,8
425,4
426,9
427,10
428,6
429,11
430,4
431,5
432,11
433,13
434,1
435,3
436,11
437,5
438,1
439,11
440,12
441,3
442,11
443,6
444,5
445,6
446,12
447,4
448,11
449,4
450,5
451,2
452,5
453,5
454,6
455,1
456,5
457,3
458,6
459,3
460,11
461,3
462,3
463,1
464,4
465,5
466,9
467,8
468,6
469,14
470,6
471,8
472,11
473,11
474,4
475,8
476,6
477,14
478,14
479,7
480,6
481,4
482,6
483,4
484,3
485,9
486,6
487,14
488,6
489,5
490,9
491,14
492,14
493,11
494,9
495,9
496,14
497,14
498,12
499,11
500,3
501,12
502,8
503,13
504,9
505,1
506,12
507,4
508,1
509,6
510,4
511,13
512,6
513,5
514,11
515,5
516,7
517,11
518,5
519,6
520,5
521,12
522,11
523,1
524,6
525,10
526,10
527,6
528,12
529,4
530,2
531,9
532,8
533,14
534,14
535,6
536,6
537,6
538,11
539,8
540,3
541,1
542,3
543,8
544,2
545,5
546,9
547,11
548,10
549,9
550,3
551,9
552,11
553,2
554,7
555,3
556,13
557,3
558,7
559,4
560,6
561,4
562,7
563,3
564,14
565,14
566,2
567,2
568,12
569,6
570,6
571,14
572,11
573,8
574,7
575,6
576,5
577,1
578,5
579,5
580,5
581,4
582,3
583,12
584,11
585,6
586,12
587,12
588,11
589,13
590,5
591,1
592,12
593,4
594,12
595,5
596,12
597,3
598,9
599,6
600,14
601,1
602,11
603,4
604,9
605,14
606,11
607,1
608,1
609,14
610,10
611,8
612,11
613,4
614,11
615,14
616,5
617,5
618,12
619,8
620,1
621,8
622,11
623,5
624,4
625,6
626,13
627,9
628,6
629,3
630,6
631,11
632,8
633,4
634,10
635,6
636,5
637,6
638,4
639,5
640,6
641,9
642,11
643,9
644,13
645,9
646,5
647,6
648,3
649,2
650,14
651,11
652,6
653,3
654,10
655,6
656,5
657,8
658,3
659,6
660,6
661,7
662,5
663,6
664,6
665,6
666,6
667,8
668,10
669,4
670,12
671,6
672,11
673,12
674,5
675,10
676,6
677,8
678,4
679,8
680,1
681,3
682,8
683,9
684,5
685,3
686,8
687,3
688,8
689,13
690,14
691,12
692,9
693,9
694,4
695,5
696,6
697,11
698,9
699,9
700,14
701,14
702,4
703,2
704,14
705,9
706,6
707,11
708,8
709,2
710,5
711,12
712,4
713,4
714,6
715,8
716,5
717,14
718,14
719,6
720,14
721,1
722,12
723,2
724,8
725,14
726,6
727,1
728,13
729,11
730,1
731,5
732,4
733,14
734,3
735,12
736,6
737,11
738,1
739,11
740,3
741,12
742,11
743,10
744,11
745,4
746,11
747,3
748,12
749,4
750,1
751,7
752,5
753,10
754,12
755,3
756,2
757,6
758,5
759,4
760,8
761,14
762,3
763,8
764,4
765,9
766,5
767,11
768,11
769,11
770,2
771,6
772,3
773,6
774,3
775,3
776,6
777,4
778,8
779,8
780,5
781,7
782,12
783,8
784,14
785,5
786,7
787,3
788,6
789,8
790,1
791,6
792,11
793,12
794,14
795,9
796,8
797,2
798,9
799,12
800,11
801,10
802,4
803,14
804,1
805,1
806,6
807,4
808,4
809,5
810,3
811,6
812,8
813,3
814,1
815,13
816,1
817,8
818,8
819,9
820,9
821,12
822,12
823,9
824,6
825,6
826,14
827,6
828,14
829,3
830,6
831,5
832,12
833,6
834,6
835,2
836,11
837,10
838,9
839,6
840,3
841,5
842,3
843,6
844,1
845,11
846,5
847,14
848,12
849,9
850,8
851,6
852,4
853,14
854,4
855,13
856,4
857,6
858,5
859,6
860,6
861,5
862,6
863,8
864,5
865,8
866,12
867,9
868,6
869,12
870,11
871,6
872,8
873,14
874,3
875,10
876,11
877,9
878,10
879,3
880,3
881,6
882,1
883,11
884,1
885,8
886,3
887,4
888,9
889,11
890,6
891,4
892,14
893,6
894,9
895,14
896,11
897,14
898,1
899,3
900,1
901,5
902,2
903,9
904,10
905,12
906,5
907,6
908,3
909,3
910,9
911,1
912,12
913,10
914,4
915,1
916,12
917,14
918,8
919,14
920,1
921,4
922,5
923,1
924,8
925,13
926,3
927,3
928,3
929,11
930,11
931,6
932,8
933,6
934,2
935,1
936,3
937,3
938,3
939,1
940,5
941,14
942,11
943,1
944,5
945,8
946,13
947,11
948,1
949,14
950,12
951,14
952,11
953,14
954,5
955,11
956,4
957,14
958,11
959,11
960,14
961,9
962,13
963,14
964,14
965,4
966,4
967,6
968,8
969,4
970,3
971,11
972,12
973,8
974,5
975,8
976,9
977,6
978,8
979,8
980,6
981,14
982,6
983,13
984,11
985,3
986,4
987,14
988,12
989,14
990,9
991,3
992,1
993,8
994,11
995,14
996,1
997,6
998,10
999,14
1000,3
1001,8
1002,9
1003,10
1004,3
1005,13
1006,6
1007,14
1008,1
1009,3
1010,6
1011,6
1012,8
1013,14
1014,4
1015,6
1016,5
1017,8
1018,9
1019,10
1020,11
1021,6
1022,4
1023,6
1024,14
1025,9
1026,6
1027,9
1028,9
1029,13
1030,14
1031,3
1032,6
1033,8
1034,2
1035,11
1036,8
1037,5
1038,12
1039,11
1040,8
1041,8
1042,4
1043,3
1044,1
1045,5
1046,5
1047,5
1048,11
1049,1
1050,11
1051,5
1052,10
1053,4
1054,4
1055,14
1056,12
1057,13
1058,6
1059,14
1060,6
1061,14
1062,1
1063,4
1064,14
1065,11
1066,9
1067,8
1068,14
1069,12
1070,9
1071,14
1072,9
1073,1
1074,1
1075,14
1076,8
1077,12
1078,3
1079,1
1080,6
1081,8
1082,13
1083,1
1084,11
1085,6
1086,8
1087,1
1088,11
1089,11
1090,3
1091,8
1092,14
1093,6
1094,4
1095,7
1096,3
1097,7
1098,5
1099,3
1100,1
1101,6
1102,12
1103,4
1104,6
1105,14
1106,3
1107,8
1108,6
1109,3
1110,9
1111,12
1112,12
1113,8
1114,5
1115,14
1116,14
1117,9
1118,11
1119,11
1120,6
1121,4
1122,10
1123,11
1124,6
1125,1
1126,5
1127,14
1128,9
1129,12
1130,5
1131,13
1132,4
1133,5
1134,14
1135,4
1136,3
1137,11
1138,9
1139,8
1140,3
1141,3
1142,6
1143,10
1144,8
1145,14
1146,8
1147,13
1148,5
1149,3
1150,2
1151,2
1152,11
1153,4
1154,1
1155,5
1156,11
1157,14
1158,11
1159,6
1160,12
1161,14
1162,1
1163,12
1164,1
1165,12
1166,6
1167,11
1168,7
1169,11
1170,5
1171,14
1172,9
1173,11
1174,4
1175,9
1176,14
1177,4
1178,12
1179,10
1180,8
1181,14
1182,12
1183,9
1184,11
1185,13
1186,8
1187,14
1188,14
1189,11
1190,11
1191,5
1192,6
1193,3
1194,4
1195,2
1196,3
1197,12
1198,5
1199,4
1200,10
1201,6
1202,12
1203,6
1204,3
1205,9
1206,5
1207,1
1208,9
1209,4
1210,3
1211,5
1212,6
1213,11
1214,9
1215,1
1216,2
1217,1
1218,6
1219,1
1220,6
1221,3
1222,6
1223,5
1224,4
1225,12
1226,12
1227,4
1228,14
1229,14
1230,9
1231,8
1232,14
1233,4
1234,1
1235,8
1236,8
1237,11
1238,11
1239,10
1240,5
1241,11
1242,14
1243,2
1244,5
1245,1
1246,14
1247,6
1248,11
1249,10
1250,3
1251,9
1252,2
1253,8
1254,2
1255,6
1256,8
1257,4
1258,14
1259,13
1260,6
1261,1
1262,10
1263,8
1264,2
1265,4
1266,6
1267,8
1268,3
1269,12
1270,11
1271,10
1272,9
1273,11
1274,10
1275,6
1276,9
1277,12
1278,4
1279,9
1280,9
1281,9
1282,14
1283,6
1284,1
1285,14
1286,9
1287,11
1288,4
1289,5
1290,14
1291,14
1292,12
1293,14
1294,12
1295,11
1296,13
1297,11
1298,14
1299,6
1300,3
1301,3
1302,11
1303,6
1304,3
1305,6
1306,14
1307,9
1308,1
1309,4
1310,8
1311,3
1312,11
1313,5
1314,9
1315,14
1316,14
1317,14
1318,11
1319,14
1320,12
1321,9
1322,4
1323,12
1324,8
1325,5
1326,5
1327,10
1328,8
1329,7
1330,11
1331,2
1332,14
1333,4
1334,12
1335,12
1336,12
1337,14
1338,8
1339,9
1340,3
1341,13
1342,8
1343,3
1344,3
1345,11
1346,1
1347,14
1348,8
1349,3
1350,11
1351,6
1352,5
1353,11
1354,6
1355,12
1356,7
1357,7
1358,5
1359,9
1360,3
1361,4
1362,11
1363,5
1364,11
1365,6
1366,3
1367,2
1368,9
1369,6
1370,14
1371,3
1372,8
1373,14
1374,3
1375,14
1376,3
1377,3
1378,1
1379,1
1380,14
1381,9
1382,3
1383,1
1384,3
1385,8
1386,1
1387,5
1388,8
1389,11
1390,4
1391,11
1392,8
1393,9
1394,14
1395,7
1396,8
1397,9
1398,6
1399,8
1400,5
1401,7
1402,9
1403,3
1404,3
1405,6
1406,8
1407,8
1408,8
1409,3
1410,3
1411,13
1412,13
1413,13
1414,4
1415,6
1416,9
1417,4
1418,11
1419,14
1420,9
1421,1
1422,11
1423,1
1424,3
1425,14
1426,5
1427,6
1428,12
1429,1
1430,6
1431,9
1432,6
1433,4
1434,6
1435,9
1436,2
1437,6
1438,4
1439,14
1440,5
1441,6
1442,8
1443,6
1444,2
1445,7
1446,11
1447,5
1448,12
1449,9
1450,7
1451,14
1452,4
1453,5
1454,3
1455,5
1456,6
1457,2
1458,9
1459,8
1460,11
1461,4
1462,8
1463,12
1464,12
1465,14
1466,13
1467,6
1468,1
1469,12
1470,7
1471,3
1472,11
1473,6
1474,6
1475,10
1476,14
1477,6
1478,10
1479,5
1480,9
1481,8
1482,3
1483,6
1484,9
1485,6
1486,11
1487,14
1488,12
1489,4
1490,3
1491,11
1492,14
1493,14
1494,1
1495,1
1496,9
1497,3
1498,4
1499,8
1500,14
1501,6
1502,8
1503,6
1504,1
1505,5
1506,6
1507,3
1508,11
1509,11
1510,13
1511,12
1512,14
1513,14
1514,12
1515,3
1516,8
1517,14
1518,6
1519,3
1520,6
1521,1
1522,14
1523,14
1524,14
1525,14
1526,12
1527,1
1528,2
1529,2
1530,12
1531,11
1532,1
1533,9
1534,12
1535,1
1536,14
1537,11
1538,13
1539,10
1540,6
1541,1
1542,4
1543,10
1544,8
1545,5
1546,6
1547,6
1548,1
1549,6
1550,8
1551,14
1552,1
1553,9
1554,6
1555,6
1556,10
1557,10
1558,12
1559,9
1560,2
1561,6
1562,6
1563,8
1564,5
1565,14
1566,9
1567,10
1568,9
1569,6
1570,11
1571,9
1572,14
1573,12
1574,11
1575,6
1576,12
1577,2
1578,4
1579,8
1580,13
1581,5
1582,11
1583,10
1584,6
1585,14
1586,4
1587,14
1588,5
1589,7
1590,4
1591,5
1592,6
1593,14
1594,12
1595,12
1596,6
1597,13
1598,6
1599,7
1600,1
1601,9
1602,14
1603,6
1604,11
1605,6
1606,2
1607,4
1608,9
1609,4
1610,12
1611,3
1612,12
1613,4
1614,12
1615,2
1616,6
1617,10
1618,14
1619,8
1620,9
1621,12
1622,13
1623,9
1624,11
1625,1
1626,8
1627,1
1628,3
1629,6
1630,2
1631,6
1632,4
1633,6
1634,14
1635,3
1636,9
1637,13
1638,1
1639,11
1640,5
1641,2
1642,7
1643,5
1644,2
1645,11
1646,6
1647,5
1648,9
1649,8
1650,3
1651,11
1652,5
1653,1
1654,7
1655,14
1656,4
1657,14
1658,11
1659,3
1660,14
1661,6
1662,2
1663,14
1664,12
1665,4
1666,1
1667,8
1668,5
1669,9
1670,11
1671,5
1672,11
1673,1
1674,10
1675,3
1676,8
1677,4
1678,9
1679,3
1680,11
1681,6
1682,3
1683,14
1684,4
1685,12
1686,5
1687,4
1688,4
1689,5
1690,3
1691,12
1692,1
1693,14
1694,6
1695,5
1696,8
1697,9
1698,8
1699,11
1700,1
1701,9
1702,9
1703,6
1704,11
1705,10
1706,6
1707,14
1708,5
1709,1
1710,11
1711,11
1712,1
1713,6
1714,8
1715,14
1716,6
1717,6
1718,8
1719,6
1720,6
1721,7
1722,3
1723,11
1724,6
1725,5
1726,4
1727,14
1728,9
1729,10
1730,14
1731,4
1732,8
1733,5
1734,5
1735,4
1736,9
1737,11
1738,9
1739,6
1740,13
1741,14
1742,4
1743,3
1744,10
1745,10
1746,1
1747,14
1748,7
1749,11
1750,9
1751,9
1752,14
1753,6
1754,11
1755,9
1756,4
1757,11
1758,5
1759,11
1760,5
1761,8
1762,14
1763,11
1764,9
1765,14
1766,5
1767,11
1768,14
1769,4
1770,3
1771,1
1772,6
1773,8
1774,4
1775,14
1776,14
1777,13
1778,6
1779,4
1780,7
1781,6
1782,7
1783,6
1784,9
1785,6
1786,5
1787,9
1788,4
1789,11
1790,3
1791,1
1792,3
1793,8
1794,7
1795,8
1796,10
1797,8
1798,7
1799,11
1800,5
1801,4
1802,14
1803,9
1804,8
1805,11
1806,12
1807,14
1808,5
1809,12
1810,1
1811,1
1812,10
1813,6
1814,6
1815,8
1816,6
1817,1
1818,8
1819,5
1820,12
1821,6
1822,14
1823,14
1824,8
1825,4
1826,4
1827,7
1828,8
1829,8
1830,6
1831,6
1832,8
1833,8
1834,14
1835,2
1836,11
1837,8
1838,4
1839,11
1840,3
1841,1
1842,14
1843,7
1844,14
1845,3
1846,8
1847,6
1848,11
1849,3
1850,12
1851,12
1852,6
1853,10
1854,4
1855,10
1856,6
1857,1
1858,9
1859,6
1860,1
1861,2
1862,9
1863,8
1864,14
1865,3
1866,5
1867,11
1868,5
1869,12
1870,3
1871,11
1872,6
1873,5
1874,3
1875,14
1876,9
1877,4
1878,12
1879,9
1880,2
1881,8
1882,6
1883,12
1884,11
1885,9
1886,4
1887,5
1888,6
1889,5
1890,6
1891,12
1892,4
1893,5
1894,12
1895,9
1896,1
1897,3
1898,14
1899,14
1900,8
1901,8
1902,12
1903,1
1904,4
1905,14
1906,11
1907,3
1908,12
1909,5
1910,11
1911,11
1912,6
1913,6
1914,13
1915,1
1916,5
1917,5
1918,13
1919,5
1920,12
1921,9
1922,11
1923,14
1924,3
1925,9
1926,11
1927,14
1928,6
1929,6
1930,1
1931,5
1932,5
1933,7
1934,6
1935,5
1936,1
1937,5
1938,6
1939,6
1940,7
1941,14
1942,6
1943,6
1944,14
1945,5
1946,11
1947,8
1948,6
1949,14
1950,11
1951,4
1952,12
1953,3
1954,14
1955,1
1956,8
1957,1
1958,4
1959,13
1960,14
1961,2
1962,12
1963,14
1964,12
1965,1
1966,11
1967,12
1968,8
1969,3
1970,14
1971,4
1972,11
1973,10
1974,9
1975,4
1976,3
1977,14
1978,6
1979,6
1980,1
1981,5
1982,14
1983,8
1984,9
1985,11
1986,14
1987,8
1988,6
1989,11
1990,14
1991,8
1992,4
1993,6
1994,8
1995,11
1996,10
1997,14
1998,12
1999,3
2000,14
2001,14
2002,11
2003,14
2004,5
2005,8
2006,3
2007,9
2008,3
2009,5
2010,11
2011,1
2012,4
2013,9
2014,9
2015,2
2016,5
2017,6
2018,14
2019,14
2020,14
2021,11
2022,11
2023,11
2024,9
2025,13
2026,11
2027,14
2028,5
2029,5
2030,9
2031,12
2032,4
2033,6
2034,4
2035,5
2036,9
2037,8
2038,3
2039,11
2040,14
2041,11
2042,4
2043,6
2044,8
2045,14
2046,11
2047,6
2048,11
2049,12
2050,1
2051,13
2052,13
2053,6
2054,4
2055,12
2056,5
2057,2
2058,1
2059,11
2060,11
2061,11
2062,4
2063,9
2064,5
2065,1
2066,13
2067,3
2068,5
2069,6
2070,8
2071,5
2072,8
2073,4
2074,5
2075,10
2076,5
2077,5
2078,12
2079,5
2080,14
2081,12
2082,12
2083,2
2084,8
2085,12
2086,12
2087,14
2088,14
2089,11
2090,3
2091,9
2092,6
2093,5
2094,8
2095,1
2096,1
2097,8
2098,5
2099,9
2100,8
2101,8
2102,6
2103,3
2104,6
2105,12
2106,2
2107,5
2108,11
2109,7
2110,2
2111,14
2112,5
2113,4
2114,11
2115,4
2116,5
2117,6
2118,14
2119,9
2120,14
2121,12
2122,5
2123,3
2124,10
2125,3
2126,3
2127,12
2128,11
2129,14
2130,6
2131,9
2132,11
2133,6
2134,11
2135,7
2136,14
2137,9
2138,3
2139,6
2140,12
2141,14
2142,8
2143,5
2144,1
2145,8
2146,9
2147,6
2148,11
2149,3
2150,1
2151,1
2152,8
2153,5
2154,3
2155,9
2156,5
2157,2
2158,4
2159,11
2160,5
2161,3
2162,8
2163,8
2164,14
2165,14
2166,8
2167,4
2168,9
2169,5
2170,4
2171,14
2172,6
2173,14
2174,12
2175,12
2176,4
2177,9
2178,9
2179,6
2180,7
2181,8
2182,11
2183,13
2184,12
2185,11
2186,5
2187,8
2188,6
2189,4
2190,12
2191,6
2192,12
2193,9
2194,3
2195,11
2196,8
2197,5
2198,7
2199,12
2200,1
2201,9
2202,9
2203,1
2204,11
2205,3
2206,1
2207,3
2208,3
2209,3
2210,9
2211,6
2212,9
2213,11
2214,12
2215,3
2216,14
2217,3
2218,14
2219,5
2220,6
2221,6
2222,6
2223,4
2224,9
2225,7
2226,13
2227,9
2228,11
2229,10
2230,6
2231,3
2232,11
2233,14
2234,11
2235,9
2236,8
2237,5
2238,14
2239,6
2240,10
2241,1
2242,6
2243,11
2244,14
2245,11
2246,8
2247,14
2248,7
2249,7
2250,1
2251,4
2252,8
2253,9
2254,3
2255,5
2256,11
2257,11
2258,3
2259,14
2260,1
2261,12
2262,14
2263,14
2264,3
2265,4
2266,5
2267,14
2268,11
2269,4
2270,5
2271,6
2272,11
2273,14
2274,1
2275,8
2276,14
2277,3
2278,11
2279,11
2280,12
2281,4
2282,4
2283,6
2284,14
2285,6
2286,12
2287,8
2288,5
2289,11
2290,9
2291,2
2292,9
2293,10
2294,8
2295,4
2296,5
2297,5
2298,4
2299,2
2300,1
2301,14
2302,3
2303,14
2304,10
2305,14
2306,9
2307,3
2308,8
2309,6
2310,9
2311,6
2312,11
2313,3
2314,1
2315,3
2316,11
2317,5
2318,11
2319,9
2320,3
2321,3
2322,12
2323,4
2324,12
2325,11
2326,11
2327,1
2328,11
2329,7
2330,6
2331,10
2332,9
2333,8
2334,1
2335,3
2336,11
2337,8
2338,14
2339,3
2340,6
2341,1
2342,3
2343,8
2344,4
2345,4
2346,5
2347,5
2348,11
2349,4
2350,12
2351,13
2352,6
2353,9
2354,1
2355,8
2356,6
2357,11
2358,5
2359,3
2360,4
2361,1
2362,9
2363,8
2364,4
2365,10
2366,9
2367,14
2368,5
2369,14
2370,1
2371,8
2372,8
2373,11
2374,12
2375,1
2376,8
2377,1
2378,14
2379,5
2380,8
2381,6
2382,5
2383,5
2384,6
2385,4
2386,11
2387,4
2388,14
2389,12
2390,3
2391,14
2392,11
2393,8
2394,11
2395,8
2396,11
2397,5
2398,4
2399,8
2400,14
2401,6
2402,9
2403,7
2404,3
2405,14
2406,6
2407,6
2408,3
2409,3
2410,14
2411,12
2412,14
2413,13
2414,1
2415,13
2416,5
2417,10
2418,11
2419,4
2420,9
2421,8
2422,3
2423,13
2424,4
2425,9
2426,4
2427,4
2428,12
2429,8
2430,9
2431,1
2432,8
2433,4
2434,1
2435,11
2436,14
2437,14
2438,3
2439,11
2440,14
2441,6
2442,4
2443,12
2444,5
2445,7
2446,1
2447,4
2448,6
2449,12
2450,3
2451,14
2452,10
2453,8
2454,12
2455,8
2456,9
2457,8
2458,11
2459,5
2460,6
2461,12
2462,8
2463,11
2464,12
2465,14
2466,3
2467,9
2468,8
2469,1
2470,14
2471,5
2472,6
2473,2
2474,6
2475,13
2476,1
2477,3
2478,5
2479,11
2480,5
2481,9
2482,5
2483,4
2484,4
2485,3
2486,11
2487,6
2488,14
2489,14
2490,1
2491,9
2492,11
2493,8
2494,9
2495,8
2496,6
2497,1
2498,13
2499,8
2500,5
2501,9
2502,5
2503,6
2504,6
2505,8
2506,12
2507,9
2508,8
2509,4
2510,12
2511,11
2512,14
2513,6
2514,13
2515,14
2516,10
2517,10
2518,6
2519,12
2520,9
2521,11
2522,8
2523,9
2524,5
2525,8
2526,9
2527,9
2528,5
2529,1
2530,11
2531,1
2532,8
2533,5
2534,3
2535,5
2536,9
2537,14
2538,6
2539,6
2540,6
2541,12
2542,12
2543,10
2544,1
2545,8
2546,8
2547,5
2548,14
2549,8
2550,12
2551,11
2552,14
2553,11
2554,6
2555,3
2556,11
2557,4
2558,11
2559,5
2560,5
2561,3
2562,11
2563,11
2564,1
2565,4
2566,8
2567,3
2568,11
2569,11
2570,13
2571,6
2572,4
2573,9
2574,3
2575,2
2576,12
2577,3
2578,4
2579,2
2580,8
2581,7
2582,7
2583,8
2584,12
2585,13
2586,11
2587,5
2588,4
2589,4
2590,2
2591,2
2592,9
2593,10
2594,10
2595,9
2596,5
2597,3
2598,6
2599,6
2600,11
2601,7
2602,11
2603,14
2604,12
2605,1
2606,8
2607,14
2608,6
2609,5
2610,11
2611,13
2612,12
2613,14
2614,6
2615,14
2616,8
2617,4
2618,5
2619,8
2620,8
2621,4
2622,11
2623,8
2624,14
2625,11
2626,14
2627,5
2628,5
2629,8
2630,1
2631,14
2632,14
2633,4
2634,9
2635,9
2636,3
2637,14
2638,6
2639,3
2640,9
2641,11
2642,3
2643,11
2644,4
2645,6
2646,9
2647,5
2648,12
2649,12
2650,2
2651,4
2652,11
2653,4
2654,6
2655,12
2656,9
2657,8
2658,1
2659,1
2660,11
2661,1
2662,13
2663,10
2664,14
2665,6
2666,12
2667,11
2668,11
2669,8
2670,12
2671,9
2672,14
2673,9
2674,12
2675,1
2676,8
2677,5
2678,9
2679,14
2680,11
2681,3
2682,14
2683,2
2684,10
2685,1
2686,2
2687,5
2688,12
2689,11
2690,14
2691,14
2692,7
2693,3
2694,4
2695,8
2696,11
2697,9
2698,14
2699,11
2700,6
2701,12
2702,4
2703,3
2704,11
2705,14
2706,4
2707,11
2708,8
2709,5
2710,12
2711,12
2712,3
2713,9
2714,3
2715,4
2716,2
2717,8
2718,8
2719,5
2720,4
2721,1
2722,3
2723,14
2724,11
2725,6
2726,8
2727,9
2728,9
2729,1
2730,9
2731,9
2732,9
2733,1
2734,14
2735,14
2736,14
2737,14
2738,5
2739,6
2740,7
2741,14
2742,6
2743,14
2744,11
2745,12
2746,6
2747,8
2748,3
2749,10
2750,2
2751,13
2752,14
2753,9
2754,4
2755,4
2756,8
2757,3
2758,4
2759,12
2760,1
2761,8
2762,7
2763,14
2764,6
2765,14
2766,1
2767,6
2768,6
2769,7
2770,1
2771,3
2772,9
2773,2
2774,14
2775,1
2776,12
2777,2
2778,14
2779,14
2780,9
2781,8
2782,9
2783,4
2784,9
2785,2
2786,12
2787,6
2788,10
2789,2
2790,9
2791,6
2792,6
2793,6
2794,10
2795,12
2796,8
2797,1
2798,5
2799,7
2800,9
2801,5
2802,1
2803,1
2804,6
2805,6
2806,4
2807,11
2808,10
2809,5
2810,1
2811,14
2812,14
2813,1
2814,3
2815,14
2816,13
2817,1
2818,1
2819,6
2820,10
2821,6
2822,11
2823,1
2824,8
2825,9
2826,1
2827,2
2828,13
2829,5
2830,1
2831,14
2832,4
2833,3
2834,14
2835,12
2836,11
2837,4
2838,6
2839,12
2840,3
2841,5
2842,6
2843,11
2844,14
2845,8
2846,5
2847,4
2848,14
2849,3
2850,1
2851,11
2852,4
2853,5
2854,1
2855,5
2856,11
2857,10
2858,8
2859,3
2860,1
2861,14
2862,5
2863,9
2864,8
2865,7
2866,3
2867,11
2868,6
2869,6
2870,14
2871,1
2872,13
2873,2
2874,4
2875,14
2876,9
2877,8
2878,4
2879,2
2880,14
2881,12
2882,2
2883,4
2884,12
2885,9
2886,8
2887,2
2888,6
2889,3
2890,14
2891,1
2892,1
2893,5
2894,10
2895,9
2896,4
2897,6
2898,1
2899,6
2900,10
2901,11
2902,8
2903,1
2904,14
2905,3
2906,1
2907,11
2908,4
2909,6
2910,1
2911,8
2912,8
2913,12
2914,10
2915,12
2916,6
2917,9
2918,14
2919,12
2920,5
2921,14
2922,9
2923,3
2924,14
2925,8
2926,6
2927,5
2928,11
2929,6
2930,8
2931,3
2932,4
2933,6
2934,6
2935,3
2936,14
2937,5
2938,8
2939,4
2940,4
2941,4
2942,5
2943,1
2944,4
2945,3
2946,3
2947,11
2948,4
2949,12
2950,7
2951,9
2952,11
2953,1
2954,11
2955,11
2956,14
2957,7
2958,7
2959,1
2960,11
2961,14
2962,14
2963,9
2964,9
2965,11
2966,9
2967,4
2968,8
2969,4
2970,14
2971,3
2972,8
2973,8
2974,4
2975,14
2976,8
2977,14
2978,14
2979,13
2980,4
2981,3
2982,2
2983,6
2984,14
2985,6
2986,12
2987,6
2988,6
2989,14
2990,12
2991,3
2992,4
2993,5
2994,14
2995,2
2996,1
2997,5
2998,12
2999,12
3000,4
3001,3
3002,11
3003,11
3004,2
3005,8
3006,7
3007,1
3008,13
3009,11
3010,14
3011,4
3012,6
3013,3
3014,11
3015,4
3016,3
3017,13
3018,3
3019,3
3020,6
3021,14
3022,4
3023,9
3024,13
3025,10
3026,8
3027,5
3028,6
3029,4
3030,7
3031,12
3032,11
3033,6
3034,3
3035,4
3036,4
3037,11
3038,13
3039,4
3040,6
3041,11
3042,14
3043,6
3044,6
3045,5
3046,9
3047,8
3048,13
3049,14
3050,8
3051,11
3052,2
3053,10
3054,2
3055,9
3056,9
3057,12
3058,8
3059,8
3060,14
3061,11
3062,5
3063,14
3064,9
3065,6
3066,14
3067,12
3068,1
3069,4
3070,6
3071,14
3072,8
3073,11
3074,8
3075,11
3076,1
3077,4
3078,10
3079,7
3080,12
3081,7
3082,8
3083,1
3084,5
3085,5
3086,5
3087,12
3088,6
3089,6
3090,8
3091,6
3092,11
3093,6
3094,12
3095,4
3096,3
3097,9
3098,1
3099,4
3100,11
3101,4
3102,10
3103,11
3104,5
3105,5
3106,1
3107,1
3108,11
3109,4
3110,7
3111,12
3112,12
3113,8
3114,4
3115,6
3116,14
3117,12
3118,3
3119,1
3120,11
3121,6
3122,12
3123,11
3124,3
3125,4
3126,5
3127,10
3128,3
3129,1
3130,6
3131,11
3132,5
3133,5
3134,8
3135,14
3136,2
3137,14
3138,8
3139,5
3140,8
3141,3
3142,3
3143,5
3144,13
3145,14
3146,6
3147,9
3148,6
3149,13
3150,4
3151,14
3152,14
3153,4
3154,4
3155,6
3156,14
3157,3
3158,11
3159,3
3160,14
3161,8
3162,2
3163,3
3164,9
3165,11
3166,1
3167,13
3168,14
3169,9
3170,8
3171,3
3172,14
3173,13
3174,14
3175,8
3176,1
3177,3
3178,11
3179,11
3180,14
3181,3
3182,8
3183,9
3184,5
3185,9
3186,6
3187,14
3188,9
3189,9
3190,4
3191,5
3192,12
3193,3
3194,14
3195,12
3196,6
3197,4
3198,9
3199,3
3200,6
3201,8
3202,3
3203,14
3204,10
3205,7
3206,6
3207,14
3208,12
3209,11
3210,8
3211,7
3212,14
3213,2
3214,5
3215,5
3216,1
3217,10
3218,12
3219,3
3220,11
3221,8
3222,3
3223,3
3224,8
3225,14
3226,5
3227,9
3228,4
3229,3
3230,9
3231,14
3232,10
3233,14
3234,6
3235,8
3236,12
3237,12
3238,1
3239,3
3240,6
3241,4
3242,6
3243,4
3244,12
3245,2
3246,1
3247,10
3248,11
3249,5
3250,14
3251,8
3252,2
3253,6
3254,6
3255,9
3256,12
3257,13
3258,6
3259,9
3260,5
3261,4
3262,6
3263,3
3264,6
3265,14
3266,9
3267,13
3268,8
3269,1
3270,6
3271,1
3272,5
3273,5
3274,12
3275,9
3276,5
3277,2
3278,13
3279,6
3280,6
3281,11
3282,3
3283,11
3284,4
3285,7
3286,4
3287,1
3288,3
3289,4
3290,14
3291,4
3292,11
3293,5
3294,3
3295,8
3296,13
3297,6
3298,6
3299,5
3300,6
3301,11
3302,10
3303,1
3304,9
3305,12
3306,4
3307,6
3308,9
3309,2
3310,6
3311,5
3312,14
3313,9
3314,8
3315,3
3316,6
3317,4
3318,14
3319,6
3320,4
3321,14
3322,5
3323,3
3324,14
3325,14
3326,2
3327,6
3328,1
3329,14
3330,14
3331,8
3332,14
3333,3
3334,11
3335,9
3336,11
3337,10
3338,8
3339,11
3340,1
3341,9
3342,6
3343,12
3344,13
3345,14
3346,9
3347,3
3348,12
3349,14
3350,12
3351,8
3352,11
3353,14
3354,3
3355,8
3356,11
3357,8
3358,9
3359,4
3360,14
3361,14
3362,11
3363,3
3364,14
3365,6
3366,9
3367,14
3368,1
3369,4
3370,6
3371,12
3372,10
3373,14
3374,3
3375,1
3376,10
3377,11
3378,4
3379,8
3380,4
3381,7
3382,3
3383,5
3384,14
3385,12
3386,9
3387,10
3388,3
3389,9
3390,14
3391,7
3392,14
3393,2
3394,3
3395,8
3396,11
3397,6
3398,8
3399,8
3400,8
3401,6
3402,5
3403,3
3404,5
3405,8
3406,4
3407,14
3408,5
3409,11
3410,5
3411,1
3412,14
3413,12
3414,6
3415,14
3416,6
3417,3
3418,6
3419,11
3420,3
3421,11
3422,1
3423,5
3424,5
3425,14
3426,8
3427,5
3428,7
3429,5
3430,8
3431,6
3432,1
3433,9
3434,14
3435,1
3436,5
3437,4
3438,11
3439,5
3440,8
3441,13
3442,14
3443,13
3444,11
3445,12
3446,14
3447,3
3448,7
3449,6
3450,6
3451,5
3452,3
3453,11
3454,3
3455,2
3456,11
3457,3
3458,5
3459,10
3460,3
3461,8
3462,11
3463,5
3464,12
3465,3
3466,5
3467,14
3468,9
3469,9
3470,5
3471,8
3472,13
3473,4
3474,13
3475,14
3476,11
3477,3
3478,6
3479,3
3480,3
3481,8
3482,11
3483,12
3484,2
3485,5
3486,5
3487,6
3488,14
3489,14
3490,11
3491,12
3492,1
3493,1
3494,4
3495,8
3496,12
3497,4
3498,5
3499,1
3500,5
